{
    "loss": 0.37838807702064514,
    "accuracy": 0.8255033493041992
}